Object ID,GUID
ria:TFN_QL41_G37_1551_F_V1_C2,429db74d62
ria:GHTN_830817_00002,8cfb7b4f73
ria:TFN_QL41_P37_1676_FF_BB,522222492b0
ria:TFN_QL41_G37_1551_F_V1_C2,00ecaf073e8
ria:TFN_PA8275_B4_B47_2013,19eb1069407
ria:TFN_KC1668_A3_F,236792c1cb4
ria:TFN_QL705_C56_1805_F,27eacdd3056
ria:BAC_PA8275_B4_1982,ec85e07916b
ria:TIC_287,f9dad61e8bd
ria:TFN_DC130_A2_H4_1691,301b2e5752
ria:TIC_648,d0317718a7c
ria:COO81_K646_O6_1882_HEFT_1,93aae56313c
ria:COO81_K646_O6_1882_HEFT_2,d9370334f57
ria:COO81_K646_O6_1882_HEFT_3,65d1d4deb95
ria:COO81_K646_O6_1882_HEFT_4,095a2a3877a
ria:COO81_K646_O6_1882_HEFT_5,fc1ff867c5e
ria:COO81_K646_O6_1882_HEFT_6,034c696eb1f
ria:21.2_P,b42965176eb
ria:TFN_PG3227_C53_F_v17,4bba2f8957c
ria:TFN_PG3227_C53_F_v36,806a8ecffba
ria:TFN_PG3227_C53_F_v42,2d3f9bc82a3
ria:TFN_PG3227_C53_F_v47,310d90c1080
ria:TFN_PG3227_C53_F_v56,54b6fb93b34
